PST,Max TemperatureC,Mean TemperatureC,Min TemperatureC,Dew PointC,MeanDew PointC,Min DewpointC,Max Humidity, Mean Humidity, Min Humidity, Max Sea Level PressurehPa, Mean Sea Level PressurehPa, Min Sea Level PressurehPa, Max VisibilityKm, Mean VisibilityKm, Min VisibilitykM, Max Wind SpeedKm/h, Mean Wind SpeedKm/h, Max Gust SpeedKm/h,Precipitationmm, CloudCover, Events,WindDirDegrees
2015-1-1,15,9,3,3,-2,-7,76,53,29,1022,1020,1018,16,16,14,11,2,18,0.00,0,,90
2015-1-2,16,10,4,5,2,-3,79,58,36,1022,1020,1018,16,16,14,10,1,14,0.00,0,,285
2015-1-3,17,11,4,7,4,1,83,65,46,1026,1024,1021,16,15,11,11,2,16,0.00,0,,14
2015-1-4,21,13,6,9,4,0,89,58,27,1028,1026,1024,16,15,10,11,2,18,0.00,0,,333
2015-1-5,27,19,10,3,-2,-6,48,30,12,1025,1022,1020,16,16,16,11,2,16,0.00,0,,13
2015-1-6,29,22,14,2,-2,-6,32,21,10,1023,1021,1018,16,16,16,11,4,16,0.00,0,,19
2015-1-7,29,21,12,7,2,-2,57,37,16,1020,1019,1017,16,16,16,11,1,18,0.00,0,,326
2015-1-8,24,17,11,11,8,4,77,53,29,1018,1017,1015,16,15,8,13,1,23,0.00,0,,180
2015-1-9,22,18,13,13,11,5,87,61,34,1017,1016,1014,14,10,4,11,1,18,0.00,0,,115
2015-1-10,17,14,11,13,11,8,93,77,60,1017,1016,1014,13,6,2,10,1,14,12.19,7,Rain,74
2015-1-11,17,16,13,13,13,12,93,86,78,1020,1016,1015,16,6,2,13,1,16,12.70,7,Rain,81
2015-1-12,19,16,12,13,12,11,93,78,63,1023,1020,1019,11,6,3,13,1,16,0.00,5,,116
2015-1-13,20,16,12,12,11,8,93,71,48,1021,1019,1016,16,8,4,13,1,19,0.00,4,,305
2015-1-14,23,16,8,10,5,0,80,52,23,1023,1021,1020,16,16,14,14,1,21,0.00,0,,325
2015-1-15,24,18,11,6,1,-3,55,36,17,1025,1023,1021,16,16,16,14,3,23,0.00,0,,27
2015-1-16,25,18,10,10,2,-3,77,47,16,1022,1020,1019,16,16,16,10,2,16,0.00,0,,60
2015-1-17,26,18,10,9,3,-2,72,44,16,1023,1021,1019,16,16,14,13,2,21,0.00,0,,316
2015-1-18,24,18,12,12,7,4,86,58,29,1024,1022,1021,16,14,8,11,1,14,0.00,0,,270
2015-1-19,22,16,10,13,10,6,93,64,35,1021,1019,1017,16,8,4,10,0,14,0.00,0,,280
2015-1-20,17,14,12,12,11,11,100,86,72,1017,1015,1013,6,3,0,13,1,19,0.00,6,Fog,280
2015-1-21,22,17,12,11,10,9,80,64,47,1019,1016,1014,14,6,3,10,1,16,0.00,4,,45
2015-1-22,24,16,8,7,1,-8,83,48,12,1024,1022,1019,16,16,11,11,0,14,0.00,0,,190
2015-1-23,24,17,10,2,-4,-9,47,29,10,1024,1022,1020,16,16,16,11,2,18,0.00,0,,334
2015-1-24,28,19,9,3,-1,-3,48,31,14,1020,1017,1015,16,16,16,13,0,19,0.00,0,,260
2015-1-25,28,19,9,3,1,-4,61,38,15,1017,1016,1014,16,16,16,10,1,13,0.00,0,,310
2015-1-26,27,21,14,12,4,-1,75,47,18,1020,1016,1014,16,16,16,16,5,32,2.03,5,Rain,89
2015-1-27,23,19,14,12,11,8,86,64,41,1022,1021,1020,16,16,13,11,2,23,0.00,3,,24
2015-1-28,24,19,13,11,9,6,77,55,33,1022,1019,1017,16,16,16,10,1,16,0.00,0,,349
2015-1-29,24,20,16,11,7,4,60,45,29,1018,1016,1015,16,16,13,10,1,14,T,2,Rain,95
2015-1-30,21,18,15,13,11,8,87,66,44,1015,1012,1010,16,15,5,16,2,26,0.76,5,Rain,77
2015-1-31,22,18,13,13,12,11,87,70,53,1016,1012,1010,16,14,11,13,2,23,0.00,4,,82
2015-2-1,24,17,9,11,9,6,89,60,31,1020,1018,1016,16,14,6,13,1,21,0.00,0,,180
2015-2-2,26,18,11,12,8,2,86,55,23,1019,1017,1015,16,14,10,11,1,18,0.00,0,,280
2015-2-3,22,17,11,13,12,9,100,76,51,1019,1018,1016,13,4,0,10,1,16,0.00,3,Fog,270
2015-2-4,22,18,13,13,12,10,93,71,49,1020,1019,1017,5,4,1,10,1,16,0.00,3,,325
2015-2-5,28,20,12,13,11,5,100,63,25,1019,1017,1015,10,5,0,14,2,21,0.00,1,Fog,280
2015-2-6,24,18,12,13,11,5,93,62,31,1021,1019,1018,16,5,1,13,3,18,0.00,3,,100
2015-2-7,21,17,12,14,12,8,93,71,49,1022,1021,1020,16,11,5,13,1,18,0.51,7,Rain,7
2015-2-8,25,20,15,14,14,13,90,70,50,1022,1020,1018,16,11,1,14,2,26,0.00,4,Fog,282
2015-2-9,23,19,14,15,13,8,93,69,44,1021,1020,1016,16,8,0,14,3,26,0.00,4,Fog,192
2015-2-10,26,19,12,11,8,5,80,54,27,1016,1014,1012,16,16,16,11,0,16,0.00,0,,325
2015-2-11,29,21,13,3,-1,-6,51,31,10,1018,1016,1014,16,16,16,10,2,18,0.00,0,,7
2015-2-12,29,22,13,1,-3,-6,33,22,10,1020,1018,1016,16,16,16,14,2,21,0.00,0,,325
2015-2-13,31,23,14,8,1,-6,48,29,9,1018,1016,1014,16,16,16,14,3,24,0.00,0,,15
2015-2-14,30,22,13,6,2,-3,51,32,12,1018,1016,1014,16,16,16,14,2,23,0.00,0,,83
2015-2-15,27,19,12,13,8,1,87,54,21,1016,1014,1012,16,15,6,13,2,24,0.00,1,,190
2015-2-16,21,17,13,13,12,12,93,76,59,1017,1015,1014,16,8,3,11,2,16,0.00,3,,100
2015-2-17,22,18,14,12,11,11,86,70,53,1020,1019,1017,16,10,6,13,2,18,0.00,3,,242
2015-2-18,24,18,13,13,12,11,93,70,46,1021,1020,1017,10,6,3,14,1,23,0.00,3,,285
2015-2-19,22,18,14,13,12,12,93,73,53,1020,1018,1016,8,5,3,11,1,18,0.00,5,,290
2015-2-20,21,17,13,12,11,9,93,70,47,1017,1015,1013,16,8,4,14,2,24,0.00,4,,182
2015-2-21,21,17,14,11,10,8,80,64,48,1016,1013,1011,16,15,8,14,4,23,0.00,7,,119
2015-2-22,18,15,12,12,11,8,93,75,56,1013,1011,1010,16,11,1,14,3,24,17.78,8,Fog-Rain,72
2015-2-23,18,14,10,11,8,5,93,71,48,1022,1016,1011,16,16,13,14,4,26,T,4,,92
2015-2-24,23,16,8,6,2,-7,82,48,13,1024,1022,1020,16,16,16,19,5,35,0.00,0,,328
2015-2-25,22,17,11,11,6,2,61,48,35,1023,1020,1016,16,15,10,13,2,23,0.00,0,,20
2015-2-26,21,16,11,12,9,8,80,66,52,1016,1012,1010,16,14,10,8,1,,0.00,0,,285
2015-2-27,19,16,13,12,11,9,78,67,56,1011,1009,1007,16,15,11,10,4,,0.00,7,,112
2015-2-28,18,15,11,10,8,6,83,64,44,1013,1010,1007,16,14,3,14,2,26,2.79,5,Rain,295
2015-3-1,18,14,10,9,8,7,93,73,52,1014,1013,1012,16,11,2,19,5,27,16.76,7,Rain,66
2015-3-2,17,13,9,9,8,5,93,71,48,1015,1013,1012,16,14,2,14,3,23,5.33,5,Rain,71
2015-3-3,19,14,9,9,7,3,80,59,37,1015,1013,1012,16,16,16,16,3,27,0.00,0,,10
2015-3-4,22,16,9,9,5,2,77,52,27,1021,1018,1015,16,16,16,14,4,23,0.00,0,,293
2015-3-5,25,18,11,4,-2,-6,59,36,13,1025,1022,1021,16,16,16,14,2,23,0.00,0,,321
2015-3-6,28,19,9,2,-1,-7,50,30,10,1021,1018,1015,16,16,16,10,1,19,0.00,0,,55
2015-3-7,30,21,12,9,1,-7,60,35,10,1016,1015,1013,16,16,16,19,2,27,0.00,0,,302
2015-3-8,26,19,12,13,8,1,93,59,25,1016,1015,1013,16,15,10,16,1,27,0.00,0,,110
2015-3-9,23,18,14,13,12,11,93,71,49,1016,1014,1011,13,9,5,13,1,19,0.00,3,,280
2015-3-10,27,20,13,14,12,8,93,63,32,1016,1014,1013,13,6,3,13,3,19,0.00,3,,352
2015-3-11,23,19,16,15,12,4,90,61,31,1019,1017,1015,16,10,6,10,1,19,T,1,,320
2015-3-12,30,22,13,8,7,6,67,45,23,1018,1016,1013,16,16,16,11,1,18,0.00,0,,205
2015-3-13,32,24,16,9,6,3,52,35,17,1018,1016,1014,16,16,16,13,2,24,0.00,0,,285
2015-3-14,34,26,17,9,3,1,49,31,13,1018,1016,1014,16,16,16,14,2,27,0.00,0,,105
2015-3-15,33,26,19,7,4,2,42,29,15,1017,1015,1013,16,16,16,14,2,24,0.00,0,,285
2015-3-16,32,26,19,9,6,0,52,33,13,1014,1012,1011,16,16,16,13,2,21,0.00,0,,110
2015-3-17,28,23,17,14,10,4,73,48,23,1014,1013,1012,16,16,14,14,2,23,0.00,0,,126
2015-3-18,24,21,17,15,14,12,84,67,49,1016,1014,1013,16,16,11,14,5,19,T,3,Rain,116
2015-3-19,24,20,16,14,13,12,90,70,50,1017,1015,1014,16,14,10,14,3,29,0.00,4,,154
2015-3-20,26,21,15,15,14,13,90,69,47,1019,1017,1016,14,8,5,16,3,24,0.00,4,,277
2015-3-21,24,21,17,15,14,13,90,72,53,1021,1019,1018,16,10,6,14,3,23,0.00,5,,270
2015-3-22,22,19,15,13,12,11,84,69,53,1022,1021,1020,16,15,11,16,2,24,0.00,4,,270
2015-3-23,23,18,14,13,12,8,93,69,44,1022,1020,1018,16,16,14,19,3,31,0.00,2,,128
2015-3-24,24,19,14,12,9,2,80,54,27,1019,1017,1014,16,16,14,23,5,47,0.00,0,,99
2015-3-25,29,22,16,14,11,8,90,59,28,1018,1016,1015,16,16,16,14,2,23,0.00,0,,247
2015-3-26,33,25,16,11,5,-1,65,38,11,1019,1017,1015,16,16,11,16,2,27,0.00,0,,280
2015-3-27,33,25,17,14,8,4,78,49,19,1018,1017,1015,16,16,16,14,3,23,0.00,0,,330
2015-3-28,27,22,16,15,14,12,90,66,42,1018,1017,1015,16,12,5,13,2,19,0.00,1,,113
2015-3-29,26,19,13,14,14,12,100,75,50,1018,1016,1014,16,8,0,11,3,19,0.00,2,Fog,214
2015-3-30,26,20,14,14,13,12,93,72,50,1017,1016,1014,16,9,3,14,2,23,0.00,3,,290
2015-3-31,23,18,14,13,13,12,93,75,57,1016,1015,1013,16,8,2,13,2,23,0.00,3,,275
2015-4-1,23,19,14,13,11,8,84,61,38,1016,1014,1012,16,15,13,16,3,27,0.00,1,,121
2015-4-2,24,18,12,11,8,4,83,58,33,1016,1015,1013,16,16,8,19,3,31,0.00,0,,270
2015-4-3,30,22,14,11,-1,-6,77,44,10,1017,1016,1014,16,16,16,16,4,26,0.00,0,,345
2015-4-4,29,22,15,11,1,-4,67,40,13,1014,1012,1011,16,16,16,14,3,26,0.00,0,,20
2015-4-5,22,18,14,11,10,7,80,60,40,1013,1011,1010,16,16,13,14,4,26,0.00,3,,104
2015-4-6,19,16,12,11,6,1,86,59,31,1016,1014,1012,16,16,16,14,3,27,0.00,2,,230
2015-4-7,19,15,11,12,9,3,93,68,43,1018,1016,1015,16,13,2,14,2,26,3.30,5,Rain,67
2015-4-8,21,16,9,8,6,1,86,56,26,1019,1016,1014,16,16,16,21,3,39,0.00,0,,305
2015-4-9,24,18,12,12,7,3,86,56,25,1015,1014,1012,16,16,16,16,3,24,0.00,0,,261
2015-4-10,22,17,12,12,10,7,93,67,41,1016,1015,1014,16,15,10,16,3,26,0.00,0,,275
2015-4-11,22,17,12,11,9,7,83,62,40,1015,1013,1011,16,16,11,16,3,29,0.00,0,,280
2015-4-12,25,19,14,14,12,9,90,68,46,1017,1014,1012,16,16,16,14,3,23,0.00,0,,195
2015-4-13,24,19,14,14,13,12,90,72,53,1019,1017,1016,16,12,5,16,4,26,0.00,5,,277
2015-4-14,23,19,14,12,11,-2,86,55,24,1019,1017,1014,16,11,5,16,4,31,0.00,3,,299
2015-4-15,27,21,14,12,7,0,77,48,19,1015,1013,1011,16,16,13,14,2,26,0.00,0,,5
2015-4-16,27,20,12,6,-1,-7,55,33,10,1017,1015,1013,16,16,11,21,3,34,0.00,0,,280
2015-4-17,27,21,13,7,1,-4,52,34,15,1017,1016,1014,16,16,16,23,3,35,0.00,0,,297
2015-4-18,27,21,13,12,7,2,72,49,26,1016,1015,1013,16,16,14,14,4,26,0.00,0,,253
2015-4-19,24,18,13,12,11,10,86,68,49,1015,1013,1011,16,14,8,14,2,23,0.00,0,,273
2015-4-20,21,17,13,12,11,10,86,69,51,1013,1012,1010,16,14,6,13,3,27,0.00,3,,265
2015-4-21,19,17,14,11,9,8,80,64,48,1014,1013,1011,16,16,16,11,3,23,0.00,7,,-1
2015-4-22,21,17,14,12,11,9,86,67,47,1013,1012,1012,16,16,14,13,3,23,0.00,5,,238
2015-4-23,21,17,13,12,11,9,86,68,49,1014,1012,1012,16,16,14,16,3,27,0.00,5,,277
2015-4-24,19,17,14,12,11,10,86,72,58,1016,1015,1013,16,16,16,11,2,18,0.00,7,,280
2015-4-25,19,16,13,13,11,9,86,69,52,1015,1014,1011,16,16,16,23,5,40,T,5,,272
2015-4-26,25,19,12,10,9,3,83,54,24,1015,1013,1011,16,16,16,19,6,32,0.00,0,,125
2015-4-27,28,21,14,11,7,1,80,50,19,1014,1013,1012,16,16,14,19,4,29,0.00,0,,280
2015-4-28,33,25,16,11,5,-1,58,35,12,1014,1013,1011,16,16,14,16,3,27,0.00,0,,344
2015-4-29,32,24,16,13,9,1,84,50,15,1013,1011,1009,16,16,13,16,2,26,0.00,0,,290
2015-4-30,30,23,16,14,12,4,84,52,20,1011,1010,1009,16,14,11,13,4,23,0.00,0,,282
2015-5-1,29,22,14,14,11,4,93,60,26,1012,1011,1010,16,13,5,14,3,26,0.00,0,,280
2015-5-2,27,21,15,13,11,7,80,59,38,1012,1010,1009,16,15,11,16,3,26,0.00,0,,275
2015-5-3,23,19,14,13,11,9,80,67,53,1013,1012,1010,16,14,11,16,3,27,0.00,2,,225
2015-5-4,21,17,13,11,11,9,86,71,55,1015,1014,1013,16,15,11,14,3,26,0.00,3,,267
2015-5-5,19,17,14,10,9,9,77,65,52,1016,1015,1013,16,16,14,13,4,21,0.00,6,,114
2015-5-6,19,17,14,11,9,8,80,66,52,1014,1012,1010,16,16,10,14,2,26,0.00,7,,275
2015-5-7,18,16,12,11,9,8,83,68,52,1012,1011,1010,16,15,6,14,2,27,0.76,7,Rain,268
2015-5-8,17,14,10,10,9,7,83,69,55,1017,1013,1011,16,15,4,14,4,23,4.57,6,Rain,133
2015-5-9,21,17,13,11,11,9,86,69,52,1018,1017,1016,16,15,11,14,2,23,0.00,6,,277
2015-5-10,22,17,12,12,11,10,89,70,51,1017,1015,1013,16,16,13,14,2,23,0.00,0,,290
2015-5-11,24,19,14,14,12,11,86,68,49,1014,1011,1009,16,14,10,14,2,26,0.00,0,,260
2015-5-12,22,18,14,13,11,8,87,66,44,1013,1012,1010,16,15,11,14,3,23,0.00,4,,165
2015-5-13,21,18,14,11,9,8,77,61,45,1015,1013,1011,16,16,16,14,6,24,0.00,4,,125
2015-5-14,20,16,12,12,11,8,93,71,48,1013,1012,1011,16,12,1,13,4,27,17.53,6,Rain,133
2015-5-15,19,16,13,11,10,8,83,68,52,1012,1011,1010,16,15,8,21,5,37,0.76,4,Rain,267
2015-5-16,22,18,13,13,11,9,83,69,55,1016,1015,1012,16,16,16,13,4,23,0.00,4,,87
2015-5-17,22,18,14,12,12,11,80,67,53,1017,1016,1015,16,16,10,14,2,26,0.00,4,,100
2015-5-18,22,19,16,12,11,9,78,67,55,1017,1016,1015,16,16,11,14,2,27,T,5,,110
2015-5-19,23,18,13,12,11,8,80,66,51,1018,1016,1015,16,16,16,13,3,23,0.00,1,,100
2015-5-20,22,18,14,12,11,10,86,67,47,1015,1014,1013,16,16,16,16,2,26,0.00,2,,-1
2015-5-21,22,18,14,12,11,8,86,68,49,1015,1014,1013,16,16,16,14,1,26,0.00,3,,-1
2015-5-22,21,17,14,12,11,9,86,69,52,1018,1016,1014,16,16,14,16,3,27,0.00,7,,260
2015-5-23,22,18,14,12,11,10,80,67,53,1019,1017,1016,16,16,16,16,2,26,0.00,5,,190
2015-5-24,21,18,14,12,11,9,75,64,53,1016,1015,1013,16,16,16,16,3,29,0.00,5,,205
2015-5-25,22,18,14,13,12,11,86,72,57,1016,1015,1014,16,15,11,14,2,23,0.00,5,,272
2015-5-26,21,18,15,13,12,12,80,72,63,1016,1015,1014,16,16,11,14,2,23,0.00,6,,272
2015-5-27,22,18,14,13,12,12,80,67,53,1016,1015,1014,16,14,8,16,3,23,0.00,4,,275
2015-5-28,24,19,14,13,13,12,87,70,53,1016,1014,1012,16,13,6,14,3,26,0.00,3,,263
2015-5-29,25,20,14,14,13,13,87,71,54,1014,1013,1011,16,9,4,13,2,21,0.00,4,,280
2015-5-30,25,20,15,15,14,13,93,75,57,1014,1013,1011,16,7,3,14,1,23,0.00,5,,260
2015-5-31,23,19,15,14,13,12,90,76,61,1014,1013,1012,16,11,5,13,2,21,0.00,5,,270
2015-6-1,24,19,15,14,13,12,87,70,53,1016,1015,1014,16,12,6,16,2,24,0.00,4,,205
2015-6-2,24,20,16,14,14,13,84,69,54,1015,1015,1013,16,16,16,13,3,23,0.00,2,,227
2015-6-3,23,20,16,15,13,12,84,69,53,1014,1013,1011,16,14,4,14,4,23,T,6,Rain,135
2015-6-4,21,19,16,14,13,12,84,71,57,1012,1011,1010,16,16,8,11,1,16,T,7,,278
2015-6-5,23,19,16,13,12,9,84,66,47,1012,1011,1010,16,16,13,16,4,29,T,5,,105
2015-6-6,22,18,14,13,13,12,84,73,61,1013,1012,1011,16,16,16,14,3,23,0.00,5,,270
2015-6-7,25,21,16,15,14,13,84,69,54,1013,1011,1009,16,16,16,16,2,26,0.00,3,,297
2015-6-8,29,23,16,16,15,14,90,67,44,1011,1010,1008,16,11,2,14,3,21,0.00,2,,287
2015-6-9,30,23,17,17,15,13,90,64,37,1012,1009,1008,16,15,11,14,5,26,0.25,3,Rain,314
2015-6-10,23,20,17,17,16,15,87,78,68,1014,1012,1011,16,15,8,14,3,26,0.00,7,,250
2015-6-11,24,21,17,16,16,16,93,79,64,1012,1011,1009,16,9,2,13,2,23,0.00,7,,285
2015-6-12,22,20,17,16,16,15,93,81,68,1011,1010,1009,16,12,8,11,2,18,0.00,6,,272
2015-6-13,22,20,17,16,16,14,93,81,68,1010,1009,1008,16,15,8,11,2,18,0.00,7,,140
2015-6-14,25,21,17,16,16,14,90,75,60,1010,1009,1007,16,13,6,14,3,24,0.00,6,,277
2015-6-15,26,21,17,17,16,14,93,75,56,1011,1010,1009,16,11,5,14,3,23,0.00,4,,273
2015-6-16,26,21,16,17,16,14,93,75,56,1013,1012,1011,16,10,5,13,3,19,0.00,3,,277
2015-6-17,26,21,17,17,16,15,93,77,60,1013,1012,1011,16,9,4,13,3,19,0.00,4,,-1
2015-6-18,27,22,17,17,15,14,90,71,51,1014,1013,1011,16,11,4,14,2,23,0.00,2,,275
2015-6-19,28,21,14,17,14,12,93,68,42,1012,1010,1009,16,10,1,14,2,21,0.00,1,,265
2015-6-20,29,23,17,17,16,14,87,64,40,1011,1010,1008,16,13,6,16,2,23,0.00,1,,145
2015-6-21,28,23,18,17,16,14,87,71,54,1014,1013,1011,16,14,10,14,3,26,0.00,2,,263
2015-6-22,28,23,17,16,14,12,93,68,42,1014,1013,1012,16,16,13,13,2,23,0.00,0,,250
2015-6-23,29,23,17,16,14,12,90,66,42,1014,1012,1010,16,16,13,16,2,24,0.00,0,,0
2015-6-24,28,23,17,17,14,12,84,66,47,1012,1011,1011,16,16,13,19,2,29,0.00,0,,260
2015-6-25,27,22,17,17,16,13,93,72,51,1014,1013,1012,16,15,10,13,3,23,0.00,1,,268
2015-6-26,26,21,16,16,15,14,97,77,56,1015,1014,1013,16,11,4,16,3,21,0.00,5,,270
2015-6-27,25,21,17,16,15,14,90,75,60,1017,1014,1012,16,16,16,14,1,24,T,0,,293
2015-6-28,30,25,19,17,16,14,81,63,44,1013,1012,1010,16,16,16,14,2,23,T,0,,210
2015-6-29,33,27,20,18,16,13,73,57,41,1012,1011,1010,16,16,16,13,2,19,0.00,0,,90
2015-6-30,32,26,19,18,16,8,84,54,24,1013,1011,1008,16,16,16,19,1,32,T,0,Rain,270
2015-7-1,29,24,19,18,17,15,87,66,44,1014,1012,1010,16,16,13,13,2,21,0.00,0,,285
2015-7-2,28,23,18,17,17,16,81,64,47,1015,1014,1013,16,16,16,19,3,26,0.00,0,,270
2015-7-3,27,22,17,17,16,14,87,71,54,1014,1012,1010,16,15,8,14,2,26,0.00,3,,273
2015-7-4,26,22,17,16,15,14,90,72,54,1014,1012,1010,16,14,6,13,2,24,0.00,5,,-1
2015-7-5,24,21,18,16,15,14,84,72,60,1016,1014,1013,16,15,10,13,2,23,0.00,6,,-1
2015-7-6,24,21,18,16,16,15,84,74,64,1018,1016,1014,16,15,11,13,2,21,0.00,6,,-1
2015-7-7,25,22,18,16,16,15,84,72,60,1016,1014,1011,16,12,6,13,2,23,0.00,5,,280
2015-7-8,24,22,19,16,15,14,78,71,64,1012,1011,1009,16,16,11,13,3,23,0.00,7,,200
2015-7-9,24,21,18,16,14,12,84,67,49,1013,1012,1010,16,16,14,14,2,26,0.00,5,,270
2015-7-10,24,21,17,15,13,12,78,64,49,1014,1013,1012,16,16,16,19,4,27,0.00,0,,180
2015-7-11,26,22,17,16,15,14,90,71,52,1015,1014,1012,16,16,16,14,2,27,0.00,0,,270
2015-7-12,27,22,17,16,14,13,84,67,50,1015,1015,1013,16,16,16,14,2,26,0.00,0,,250
2015-7-13,29,23,18,17,15,13,81,64,47,1014,1013,1011,16,16,16,14,3,27,0.00,0,,191
2015-7-14,29,23,18,17,16,15,87,67,46,1012,1011,1010,16,15,11,14,3,23,0.00,2,,222
2015-7-15,27,23,18,16,15,14,87,66,45,1014,1012,1011,16,16,14,16,4,26,0.00,3,,164
2015-7-16,27,23,18,16,16,15,87,70,52,1014,1013,1011,16,16,16,16,3,26,0.00,3,,270
2015-7-17,27,22,17,17,16,15,90,71,51,1013,1011,1009,16,15,11,13,2,23,0.00,3,,295
2015-7-18,31,24,18,19,17,11,90,60,30,1017,1014,1011,16,11,1,14,3,24,9.14,6,Rain,4
2015-7-19,33,28,22,21,19,17,82,63,43,1017,1015,1013,16,16,16,21,4,29,0.51,3,Rain,88
2015-7-20,29,26,21,20,19,18,90,73,55,1016,1015,1013,16,16,16,19,3,27,T,6,,283
2015-7-21,27,24,21,19,19,18,84,74,64,1014,1013,1010,16,16,13,14,3,23,0.00,7,,278
2015-7-22,27,24,20,19,18,17,90,74,58,1013,1011,1010,16,16,13,16,3,26,0.00,6,,273
2015-7-23,28,24,20,18,18,17,87,73,58,1016,1014,1013,16,16,11,13,2,23,0.00,3,,210
2015-7-24,29,24,19,19,18,17,93,72,51,1018,1016,1015,16,15,10,16,3,23,0.00,2,,270
2015-7-25,31,25,19,19,17,15,87,66,45,1016,1014,1012,16,16,14,16,3,26,0.00,0,,270
2015-7-26,29,24,19,18,17,16,84,66,47,1014,1012,1012,16,16,14,14,2,26,0.00,0,,220
2015-7-27,28,24,19,17,16,14,87,66,45,1014,1012,1011,16,16,16,13,4,24,0.00,3,,225
2015-7-28,29,24,19,18,17,17,87,68,48,1013,1011,1010,16,14,10,16,2,26,0.00,3,,268
2015-7-29,28,23,18,18,17,17,93,74,54,1015,1013,1012,16,12,6,14,3,26,0.00,4,,282
2015-7-30,28,24,20,19,18,17,84,71,58,1016,1015,1014,16,16,14,14,3,23,0.00,0,,280
2015-7-31,29,24,19,19,18,18,87,71,55,1017,1015,1013,16,14,10,14,3,23,0.00,4,,268
2015-8-1,28,24,19,18,17,17,93,74,54,1015,1013,1011,16,14,8,14,3,23,0.00,4,,273
2015-8-2,29,24,19,18,17,16,87,71,55,1013,1011,1009,16,15,13,14,1,23,0.00,2,,260
2015-8-3,29,24,19,18,17,15,87,71,55,1012,1011,1010,16,16,13,14,1,26,0.00,1,,113
2015-8-4,31,26,19,18,16,13,81,61,40,1013,1012,1011,16,16,13,16,4,26,0.00,0,,141
2015-8-5,31,26,19,18,16,13,81,58,35,1013,1012,1010,16,16,16,16,2,26,0.00,0,,235
2015-8-6,30,25,19,18,17,16,87,69,51,1011,1011,1009,16,16,16,14,2,23,0.00,0,,-1
2015-8-7,27,23,19,17,16,16,87,71,54,1013,1012,1010,16,15,4,14,2,26,0.00,4,,170
2015-8-8,27,23,18,16,14,13,81,63,45,1015,1013,1012,16,16,16,16,3,27,0.00,4,,260
2015-8-9,26,22,17,16,15,14,87,70,52,1015,1014,1013,16,16,14,16,3,27,0.00,2,,265
2015-8-10,26,22,17,16,15,14,87,72,56,1015,1013,1011,16,16,14,14,3,23,0.00,2,,275
2015-8-11,27,22,17,16,16,15,87,71,54,1014,1013,1011,16,15,11,14,2,24,0.00,3,,-1
2015-8-12,29,23,17,16,16,13,87,64,40,1015,1014,1011,16,16,14,14,2,24,0.00,0,,-1
2015-8-13,33,27,20,18,16,13,76,56,36,1014,1012,1010,16,16,13,13,2,23,0.00,0,,-1
2015-8-14,33,27,20,17,15,13,73,52,30,1013,1012,1010,16,16,11,13,3,23,0.00,0,,262
2015-8-15,36,29,22,18,16,13,73,49,25,1012,1011,1009,16,16,16,13,2,21,0.00,0,,280
2015-8-16,35,28,20,18,16,13,79,55,30,1012,1010,1008,16,16,13,16,2,24,0.00,0,,272
2015-8-17,31,26,21,19,18,16,90,67,44,1013,1012,1010,16,13,3,14,4,23,0.00,2,,146
2015-8-18,30,25,20,17,17,17,78,63,48,1014,1013,1011,16,16,13,13,3,21,0.00,4,,272
2015-8-19,28,24,19,17,17,16,81,66,51,1013,1012,1010,16,14,8,13,4,26,0.00,4,,268
2015-8-20,27,23,19,17,16,16,81,66,51,1012,1011,1009,16,15,11,14,4,23,0.00,4,,109
2015-8-21,27,23,19,17,16,16,81,68,54,1012,1011,1010,16,15,10,13,1,23,0.00,4,,280
2015-8-22,28,24,20,17,17,16,81,66,51,1013,1012,1011,16,13,10,16,3,26,0.00,4,,270
2015-8-23,28,24,19,18,17,17,87,71,54,1015,1013,1012,16,15,11,16,3,23,0.00,1,,260
2015-8-24,31,25,19,18,17,17,87,69,51,1014,1013,1011,16,14,8,14,2,,0.00,1,,260
2015-8-25,31,26,22,19,18,17,79,62,45,1015,1013,1011,16,15,11,14,2,23,T,0,Rain,283
2015-8-26,33,28,23,20,18,16,79,60,41,1014,1013,1012,16,14,8,14,3,23,0.00,0,,277
2015-8-27,34,28,22,19,17,14,84,59,34,1015,1013,1011,16,15,13,14,1,23,0.00,0,,280
2015-8-28,36,29,23,19,17,13,79,53,27,1012,1011,1009,16,16,11,14,2,23,0.00,0,,260
2015-8-29,34,29,23,19,18,15,79,58,36,1012,1011,1009,16,16,16,14,3,26,0.00,0,,241
2015-8-30,32,27,22,19,18,15,79,63,46,1012,1011,1009,16,16,16,13,3,21,0.00,0,,270
2015-8-31,29,25,21,18,17,16,84,66,47,1013,1011,1010,16,16,13,14,3,24,0.00,3,,131
2015-9-1,28,24,21,17,16,14,73,58,43,1014,1012,1011,16,16,13,13,3,24,0.00,5,,246
2015-9-2,27,23,19,17,16,14,81,68,54,1014,1013,1011,16,16,14,14,3,27,0.00,4,,237
2015-9-3,27,23,19,16,14,13,78,62,45,1014,1012,1009,16,16,13,14,4,24,0.00,4,,225
2015-9-4,26,23,19,15,13,11,70,58,46,1012,1011,1010,16,16,16,14,4,26,0.00,4,,148
2015-9-5,29,24,18,16,15,14,78,61,43,1013,1012,1011,16,16,16,13,3,23,0.00,1,,261
2015-9-6,32,25,18,18,15,13,81,59,36,1013,1012,1010,16,16,16,14,2,19,0.00,0,,280
2015-9-7,34,27,20,18,14,8,84,55,25,1012,1011,1009,16,16,16,13,2,23,0.00,0,,-1
2015-9-8,36,29,23,17,16,13,68,49,30,1011,1009,1007,16,16,16,16,2,26,0.00,0,,277
2015-9-9,38,32,24,17,16,13,60,44,28,1009,1009,1007,16,16,16,14,2,24,0.00,0,,301
2015-9-10,36,31,26,19,17,13,62,48,34,1011,1010,1009,16,16,16,14,3,21,0.00,0,,273
2015-9-11,35,30,24,18,15,13,58,47,35,1013,1011,1010,16,16,16,14,2,21,0.00,0,,280
2015-9-12,32,28,24,19,16,13,74,55,36,1013,1012,1010,16,16,16,13,3,23,T,0,Rain,287
2015-9-13,33,28,22,19,17,14,79,58,36,1011,1009,1007,16,16,16,14,3,26,0.00,1,,296
2015-9-14,29,26,22,19,18,17,84,69,54,1011,1009,1008,16,16,13,14,3,24,0.00,6,,257
2015-9-15,27,23,19,21,19,17,93,81,69,1013,1010,1008,16,9,1,16,6,27,60.71,8,Rain,100
2015-9-16,26,22,19,17,16,12,87,67,46,1015,1014,1013,16,16,14,13,2,27,0.00,4,Rain,260
2015-9-17,28,23,18,16,14,13,84,63,42,1014,1013,1011,16,16,16,14,2,24,0.00,0,,-1
2015-9-18,31,24,18,18,16,13,87,62,37,1011,1009,1007,16,16,16,14,2,23,0.00,0,,275
2015-9-19,33,27,19,18,16,13,87,63,38,1009,1008,1007,16,16,16,13,1,19,0.00,0,,270
2015-9-20,37,29,21,18,16,13,79,52,25,1009,1008,1006,16,16,16,14,3,24,0.00,0,,292
2015-9-21,30,26,22,19,17,14,79,63,47,1010,1008,1005,16,16,10,19,4,27,0.00,1,,26
2015-9-22,29,25,21,19,18,17,84,66,48,1013,1012,1010,16,15,11,13,3,23,0.00,1,,251
2015-9-23,30,25,20,19,18,17,87,68,48,1013,1012,1010,16,14,10,13,2,23,0.00,1,,278
2015-9-24,33,27,20,19,18,17,90,66,41,1012,1011,1009,16,15,10,14,1,24,0.00,0,,270
2015-9-25,34,27,21,20,18,17,90,66,41,1012,1010,1009,16,15,11,14,1,23,0.00,0,,280
2015-9-26,33,27,21,20,18,16,90,66,42,1010,1009,1007,16,16,13,13,1,19,0.00,0,,267
2015-9-27,32,26,19,19,18,17,90,67,43,1010,1009,1008,16,12,3,13,1,21,0.00,2,,260
2015-9-28,31,26,20,19,17,13,90,67,43,1012,1011,1010,16,14,8,14,2,23,0.00,0,,270
2015-9-29,31,24,18,17,16,14,87,65,42,1013,1011,1010,16,16,14,14,1,23,0.00,0,,280
2015-9-30,32,26,19,17,16,12,87,62,37,1011,1010,1008,16,16,13,11,1,18,0.00,0,,290
2015-10-1,31,26,21,18,16,12,84,62,39,1013,1011,1010,16,16,11,14,3,27,0.00,0,,260
2015-10-2,29,24,20,17,16,12,81,61,40,1013,1010,1007,16,16,16,16,5,31,0.00,0,,301
2015-10-3,29,24,18,18,16,14,84,64,44,1007,1003,1001,16,16,11,14,4,27,0.00,2,,200
2015-10-4,23,20,17,16,13,9,84,64,44,1007,1003,1001,16,15,6,11,2,21,1.27,8,Rain,185
2015-10-5,24,21,17,17,14,12,93,71,49,1016,1012,1007,16,13,1,14,2,23,10.16,5,Fog-Rain,105
2015-10-6,26,21,17,16,14,13,93,72,50,1019,1017,1016,16,16,16,13,2,26,0.00,1,,296
2015-10-7,29,23,18,18,16,14,84,65,45,1018,1016,1015,16,16,16,16,2,27,0.00,0,,273
2015-10-8,32,25,18,18,17,14,87,63,39,1016,1014,1012,16,16,13,11,1,18,0.00,0,,270
2015-10-9,38,29,20,17,13,7,81,50,18,1013,1012,1010,16,16,13,14,2,24,0.00,0,,255
2015-10-10,38,30,22,14,11,8,57,37,17,1014,1013,1011,16,16,16,14,3,29,0.00,0,,324
2015-10-11,38,31,23,16,12,8,54,36,17,1013,1012,1010,16,16,16,13,3,23,0.00,0,,79
2015-10-12,34,28,23,18,14,12,73,51,28,1014,1012,1011,16,16,16,11,1,16,0.00,0,,40
2015-10-13,33,28,23,21,18,14,87,64,41,1017,1015,1013,16,16,16,14,4,26,0.00,0,,152
2015-10-14,30,26,22,21,20,19,93,74,55,1016,1014,1012,16,16,13,11,1,23,0.00,1,,273
2015-10-15,28,25,21,20,19,18,84,71,58,1014,1013,1011,16,16,16,14,3,26,0.00,5,,270
2015-10-16,24,23,21,19,18,18,84,77,69,1013,1012,1011,16,16,14,13,2,21,0.00,8,,277
2015-10-17,28,24,21,19,18,17,90,74,58,1013,1012,1010,16,16,16,14,2,24,0.00,3,,275
2015-10-18,26,23,20,19,18,16,84,71,58,1014,1012,1011,16,15,5,14,2,24,T,7,Rain,273
2015-10-19,26,22,18,17,15,13,87,66,45,1014,1013,1011,16,16,16,14,2,31,0.00,5,,260
2015-10-20,27,22,17,16,13,12,81,62,42,1012,1010,1009,16,16,16,13,3,26,0.00,0,,100
2015-10-21,29,23,17,17,14,12,78,61,43,1012,1011,1010,16,16,16,14,3,26,0.00,0,,73
2015-10-22,27,23,18,17,16,14,81,63,45,1015,1013,1012,16,16,16,11,2,19,0.00,2,,105
2015-10-23,27,22,17,17,16,14,90,72,54,1015,1014,1012,16,15,10,13,2,21,0.00,2,,273
2015-10-24,32,25,17,16,8,1,73,45,17,1014,1012,1010,16,16,16,11,1,19,0.00,0,,28
2015-10-25,30,24,19,17,9,3,81,51,20,1013,1012,1011,16,16,16,10,1,18,0.00,0,,135
2015-10-26,31,24,16,17,11,5,81,51,21,1014,1012,1011,16,16,16,13,2,24,0.00,0,,270
2015-10-27,28,22,16,17,12,7,87,58,28,1014,1013,1012,16,15,13,13,1,19,0.00,0,,305
2015-10-28,27,23,19,17,16,14,81,65,48,1013,1011,1009,16,14,10,19,2,32,0.00,0,,190
2015-10-29,28,24,20,9,5,2,44,33,22,1009,1008,1006,16,16,16,21,9,35,0.00,0,,323
2015-10-30,30,24,18,10,2,-4,47,29,10,1013,1011,1008,16,16,16,13,2,24,0.00,0,,225
2015-10-31,32,24,16,17,6,0,81,48,15,1017,1015,1013,16,16,16,11,1,19,0.00,0,,280
2015-11-1,30,23,15,17,11,4,87,54,20,1017,1015,1013,16,16,11,11,1,21,0.00,0,,270
2015-11-2,24,19,15,17,13,9,87,72,57,1013,1010,1007,16,15,6,24,5,39,T,6,Rain,178
2015-11-3,21,17,12,9,7,4,77,57,37,1012,1010,1009,16,16,16,19,3,34,0.00,1,,285
2015-11-4,21,16,10,6,2,-6,68,44,20,1019,1014,1012,16,16,16,14,3,26,0.00,0,,275
2015-11-5,22,16,10,4,-1,-4,46,32,18,1023,1021,1019,16,16,16,13,3,23,0.00,0,,344
2015-11-6,25,18,11,7,1,-4,55,35,15,1021,1019,1017,16,16,16,11,1,18,0.00,0,,20
2015-11-7,27,18,10,3,-2,-8,51,31,10,1019,1017,1015,16,16,16,16,4,26,0.00,0,,66
2015-11-8,26,18,11,13,4,-4,78,49,19,1016,1015,1013,16,16,16,13,3,18,0.00,0,,30
2015-11-9,20,17,13,11,8,6,72,57,42,1016,1015,1014,16,16,8,19,4,31,0.00,5,,100
2015-11-10,20,15,10,7,2,-2,74,50,26,1024,1019,1016,16,16,4,16,4,32,0.00,0,,321
2015-11-11,22,16,9,4,-2,-8,51,33,14,1026,1023,1020,16,16,16,13,2,21,0.00,0,,299
2015-11-12,25,18,11,7,-9,-25,55,29,3,1020,1017,1015,16,16,16,13,2,21,0.00,0,,329
2015-11-13,28,19,10,5,-5,-19,51,28,4,1016,1014,1013,16,16,16,11,1,19,0.00,0,,280
2015-11-14,26,18,11,11,-2,-13,77,42,7,1015,1013,1012,16,15,8,14,2,19,0.00,0,,354
2015-11-15,21,16,11,9,4,-1,66,51,36,1013,1012,1011,16,16,13,19,7,37,0.00,2,,284
2015-11-16,17,14,10,-2,-8,-14,41,27,12,1019,1016,1012,16,16,16,27,10,43,0.00,0,,317
2015-11-17,22,15,7,6,-4,-21,55,30,5,1022,1020,1018,16,16,14,14,0,21,0.00,0,,270
2015-11-18,24,17,9,10,4,-1,69,45,20,1018,1016,1014,16,16,13,11,0,16,0.00,0,,270
2015-11-19,30,21,11,11,3,-4,72,42,11,1016,1014,1012,16,16,14,13,2,16,0.00,0,,344
2015-11-20,29,21,13,9,3,-2,56,35,13,1014,1013,1011,16,16,14,10,0,13,0.00,0,,130
2015-11-21,31,22,14,7,2,-4,60,35,10,1015,1014,1011,16,16,16,10,1,13,0.00,0,,37
2015-11-22,29,22,15,-2,-5,-10,27,17,7,1015,1013,1011,16,16,16,11,3,18,0.00,0,,9
2015-11-23,27,20,13,11,2,-7,72,44,16,1014,1013,1012,16,16,10,11,3,18,0.00,0,,42
2015-11-24,21,16,11,11,2,-9,72,45,17,1015,1013,1011,16,16,13,13,2,19,0.25,4,Rain,270
2015-11-25,17,14,10,6,2,-10,71,46,20,1014,1012,1010,16,16,16,14,4,29,T,1,,270
2015-11-26,18,13,9,6,4,3,71,57,43,1016,1015,1014,16,16,16,13,3,19,0.00,3,,90
2015-11-27,18,14,10,6,3,-2,68,48,27,1017,1016,1014,16,16,16,13,4,21,0.00,2,,87
2015-11-28,18,13,8,4,-2,-6,71,46,20,1019,1017,1016,16,16,16,10,2,16,0.00,0,,23
2015-11-29,19,15,10,2,-3,-8,50,33,16,1022,1020,1018,16,16,16,13,2,23,0.00,0,,355
2015-11-30,19,13,8,4,-4,-10,55,34,13,1022,1020,1018,16,16,16,13,3,19,0.00,0,,21
2015-12-1,22,16,8,6,-2,-9,61,37,12,1021,1019,1017,16,16,16,11,3,16,0.00,0,,29
2015-12-2,26,18,10,6,-5,-8,51,31,11,1021,1019,1016,16,16,16,11,2,19,0.00,0,,33
2015-12-3,24,19,13,9,-1,-8,72,43,14,1019,1017,1016,16,16,16,11,3,21,0.00,0,,18
2015-12-4,19,15,11,12,8,4,80,64,48,1022,1019,1017,16,16,16,8,0,11,0.00,3,,5
2015-12-5,25,17,9,3,0,-4,61,38,14,1024,1022,1021,16,16,16,10,2,16,0.00,0,,16
2015-12-6,26,19,13,10,-1,-8,72,41,10,1024,1022,1020,16,16,16,11,3,18,0.00,0,,360
2015-12-7,27,20,13,12,-1,-8,67,38,9,1021,1019,1016,16,16,16,13,2,19,0.00,0,,24
2015-12-8,28,21,12,9,4,-2,60,38,15,1018,1016,1015,16,15,2,10,0,18,0.00,0,,285
2015-12-9,24,18,13,14,9,3,93,60,27,1018,1016,1014,16,13,8,11,0,14,0.00,0,,215
2015-12-10,20,16,11,15,13,11,100,84,68,1017,1014,1011,16,9,0,13,3,23,T,6,Fog,270
2015-12-11,18,15,11,12,5,-1,83,58,33,1012,1010,1007,16,15,3,27,5,45,1.27,2,Rain,317
2015-12-12,20,16,11,0,-1,-2,41,33,24,1019,1015,1011,16,16,16,16,6,31,0.00,0,,323
2015-12-13,19,14,8,13,7,-1,93,63,32,1019,1015,1012,16,12,2,14,3,26,4.06,4,Rain,15
2015-12-14,15,12,8,2,-2,-6,58,41,24,1015,1014,1013,16,16,16,24,11,45,0.00,0,,314
2015-12-15,16,11,6,1,-3,-6,53,38,23,1020,1017,1014,16,16,16,13,3,19,0.00,0,,37
2015-12-16,16,11,4,3,-2,-6,59,42,25,1023,1021,1020,16,16,14,11,2,19,0.00,0,,46
2015-12-17,19,12,6,6,3,-1,71,51,30,1022,1020,1019,16,16,16,11,2,16,0.00,0,,334
2015-12-18,22,16,8,8,1,-4,72,45,18,1020,1017,1014,16,16,16,13,2,16,0.00,0,,353
2015-12-19,18,13,7,11,7,-1,100,69,38,1017,1014,1013,16,11,2,11,2,18,6.60,3,Rain,270
2015-12-20,16,12,7,8,6,3,93,72,51,1023,1021,1017,16,16,11,13,1,18,0.00,0,,345
2015-12-21,17,12,7,12,8,3,86,69,51,1024,1020,1016,16,13,3,11,3,16,0.76,4,Rain,117
2015-12-22,17,14,12,14,12,11,100,92,84,1015,1011,1007,16,9,3,13,4,19,1.78,7,Rain,82
2015-12-23,19,16,11,13,8,-2,100,68,35,1011,1008,1006,16,12,5,14,3,27,0.00,3,,322
2015-12-24,17,13,8,8,3,-2,77,56,35,1016,1014,1011,16,16,16,13,2,24,0.00,1,,288
2015-12-25,15,11,7,6,-3,-8,80,51,21,1021,1019,1015,16,16,16,24,7,40,0.00,0,,324
2015-12-26,17,11,6,-3,-8,-14,49,31,12,1025,1024,1022,16,16,16,21,2,34,0.00,0,,333
2015-12-27,16,9,2,1,-5,-12,62,38,14,1024,1022,1019,16,16,16,13,2,21,0.00,0,,130
2015-12-28,14,9,3,5,-1,-6,64,49,34,1018,1013,1010,16,16,16,16,3,31,T,3,,355
2015-12-29,16,11,5,3,-1,-3,71,50,29,1021,1016,1011,16,16,16,10,1,19,0.00,0,,70
2015-12-30,17,11,5,6,1,-2,80,55,29,1023,1021,1019,16,16,11,11,2,18,0.00,0,,35
2015-12-31,18,12,5,2,-3,-7,70,44,18,1021,1019,1017,16,16,16,11,1,18,0.00,0,,23